location,days,percent_vaccinated,target,predicted
AK,104,32.8,36.3,37.38800000000003
AK,111,34.5,39.1,40.037999999999954
AK,118,36.3,40.7,39.825999999999965
AK,125,39.1,41.7,39.42199999999997
AK,132,40.7,42.6,41.900999999999996
AK,139,41.7,43.3,43.84200000000004
AK,146,42.6,44.7,44.70599999999994
AK,153,43.3,45.8,44.63000000000002
AK,160,44.7,46.5,46.18100000000001
AK,167,45.8,47.1,46.960999999999984
AK,174,46.5,47.7,48.07299999999995
AK,181,47.1,48.1,48.68699999999998
AK,188,47.7,49.6,49.32900000000001
AK,195,48.1,50.2,50.00979999999995
AK,202,49.6,50.7,50.11199999999994
AK,209,50.2,50.9,51.305999999999976
AK,216,50.7,51.4,51.88099999999999
AK,223,50.9,52.0,52.157999999999994
AK,230,51.4,52.5,52.53699999999999
AK,237,52.0,53.1,53.145166666666704
AK,244,52.5,53.8,53.80700000000007
AK,251,53.1,54.6,54.54200000000002
AK,258,53.8,55.6,55.22499999999998
AK,265,54.6,56.3,56.09100000000005
AK,272,55.6,56.8,56.77200000000006
AK,279,56.3,57.4,57.57399999999998
AK,286,56.8,57.8,58.19566666666668
AK,293,57.4,58.3,58.52300000000008
AK,300,57.8,58.8,59.00750000000008
AK,307,58.3,59.3,59.338000000000065
AL,105,22.4,28.0,27.18
AL,112,25.2,30.1,30.24099999999997
AL,119,28.0,31.5,32.52600000000001
AL,126,30.1,32.6,33.345999999999975
AL,133,31.5,33.6,34.424999999999976
AL,140,32.6,34.6,34.69299999999996
AL,147,33.6,35.4,36.07700000000004
AL,154,34.6,36.0,35.84999999999998
AL,161,35.4,36.1,36.27799999999997
AL,168,36.0,36.8,37.240000000000016
AL,175,36.1,38.9,38.79200000000002
AL,182,36.8,39.4,39.08400000000004
AL,189,38.9,40.2,39.68799999999993
AL,196,39.4,40.6,40.88899999999995
AL,203,40.2,41.1,41.37499999999998
AL,210,40.6,41.8,41.943000000000055
AL,217,41.1,43.2,42.95499999999996
AL,224,41.8,45.0,44.258
AL,231,43.2,46.1,45.41299999999999
AL,238,45.0,47.7,47.33299999999998
AL,245,46.1,49.3,48.70100000000006
AL,252,47.7,50.5,49.796000000000014
AL,259,49.3,51.1,50.562000000000005
AL,266,50.5,51.7,51.999999999999936
AL,273,51.1,52.3,52.77800000000004
AL,280,51.7,52.8,53.357000000000056
AL,287,52.3,53.2,53.203833333333286
AL,294,52.8,53.5,53.643
AL,301,53.2,54.0,54.137000000000015
AL,308,53.5,54.5,54.66
AR,106,25.3,31.3,31.430000000000028
AR,113,28.4,33.5,34.29
AR,120,31.3,34.8,35.831000000000046
AR,127,33.5,35.9,36.979000000000035
AR,134,34.8,36.7,37.02099999999999
AR,141,35.9,37.6,37.81599999999996
AR,148,36.7,38.6,38.72299999999996
AR,155,37.6,39.5,39.33899999999999
AR,162,38.6,40.1,40.01299999999996
AR,169,39.5,40.6,42.10600000000006
AR,176,40.1,41.1,41.85899999999998
AR,183,40.6,41.7,41.88399999999997
AR,190,41.1,42.4,42.58800000000002
AR,197,41.7,43.0,43.59000000000001
AR,204,42.4,44.0,44.340999999999994
AR,211,43.0,45.5,45.12500000000002
AR,218,44.0,47.1,44.54750000000001
AR,225,45.5,49.1,48.375
AR,232,47.1,50.7,49.62899999999997
AR,239,49.1,52.0,51.785
AR,246,50.7,53.1,53.53600000000003
AR,253,52.0,53.9,54.58999999999996
AR,260,53.1,54.5,55.62400000000002
AR,267,53.9,55.1,56.395999999999965
AR,274,54.5,55.5,55.77500000000002
AR,281,55.1,56.0,56.75000000000001
AR,288,55.5,56.3,56.43500000000008
AR,295,56.0,56.7,56.940999999999924
AR,302,56.3,57.6,57.76800000000006
AR,309,56.7,58.0,57.96300000000001
AS,107,31.6,34.8,36.60700000000005
AS,114,32.5,36.4,35.95000000000004
AS,121,34.8,38.0,37.275
AS,128,36.4,39.0,39.80499999999996
AS,135,38.0,39.7,39.83099999999993
AS,142,39.0,40.4,40.572000000000045
AS,149,39.7,41.6,41.51999999999996
AS,156,40.4,42.1,42.25599999999998
AS,163,41.6,43.1,42.794
AS,170,42.1,43.7,44.161999999999935
AS,177,43.1,44.7,44.56599999999997
AS,184,43.7,45.8,45.78900000000005
AS,191,44.7,47.1,46.512
AS,198,45.8,48.0,47.599000000000004
AS,205,47.1,49.4,48.954999999999984
AS,212,48.0,51.2,50.729999999999926
AS,219,49.4,52.1,51.35700000000003
AS,226,51.2,52.7,52.55899999999994
AS,233,52.1,53.4,54.05399999999998
AS,240,52.7,54.4,54.966999999999956
AS,247,53.4,54.9,54.96099999999997
AS,254,54.4,56.5,56.253000000000014
AS,261,54.9,58.2,57.57884999999992
AS,268,56.5,58.6,58.285000000000046
AS,275,58.2,61.2,59.01200000000003
AS,282,58.6,61.5,61.91200000000003
AS,289,61.2,62.2,61.919999999999945
AS,296,61.5,62.4,63.13499999999995
AS,303,62.2,63.2,62.84866666666659
AS,310,62.4,63.3,63.755999999999965
AZ,108,29.2,35.4,34.94800000000005
AZ,115,32.3,37.9,38.04500000000004
AZ,122,35.4,40.0,40.186000000000014
AZ,129,37.9,41.4,43.45899999999994
AZ,136,40.0,42.8,43.08400000000005
AZ,143,41.4,43.9,43.911000000000016
AZ,150,42.8,45.4,45.35300000000002
AZ,157,43.9,46.4,46.48699999999999
AZ,164,45.4,47.2,46.72599999999995
AZ,171,46.4,48.0,48.02800000000001
AZ,178,47.2,48.8,48.91700000000005
AZ,185,48.0,49.5,49.449
AZ,192,48.8,50.9,50.73949999999997
AZ,199,49.5,51.4,51.32099999999998
AZ,206,50.9,51.9,51.799
AZ,213,51.4,52.6,52.847000000000044
AZ,220,51.9,53.4,53.54849999999998
AZ,227,52.6,54.3,53.39099999999995
AZ,234,53.4,55.2,54.939999999999955
AZ,241,54.3,55.9,55.90599999999997
AZ,248,55.2,56.7,56.751999999999924
AZ,255,55.9,57.6,57.734000000000044
AZ,262,56.7,58.2,58.29499999999995
AZ,269,57.6,58.7,58.76900000000008
AZ,276,58.2,59.2,59.3624
AZ,283,58.7,59.6,60.03199999999996
AZ,290,59.2,60.1,60.169000000000025
AZ,297,59.6,60.5,60.65199999999999
AZ,304,60.1,60.9,60.89799999999993
AZ,311,60.5,61.4,61.629999999999974
CA,109,30.7,40.0,39.573999999999984
CA,116,35.1,44.5,44.13299999999998
CA,123,40.0,47.9,46.823
CA,130,44.5,50.1,49.532000000000025
CA,137,47.9,52.0,51.80499999999997
CA,144,50.1,53.8,53.954000000000086
CA,151,52.0,55.7,55.50499999999994
CA,158,53.8,57.0,56.20400000000001
CA,165,55.7,58.3,57.75500000000009
CA,172,57.0,59.4,59.438999999999936
CA,179,58.3,60.3,60.50300000000009
CA,186,59.4,61.4,61.92200000000008
CA,193,60.3,62.1,62.15200000000007
CA,200,61.4,62.8,62.53000000000008
CA,207,62.1,63.5,62.86966666666665
CA,214,62.8,64.3,64.2153333333334
CA,221,63.5,65.3,65.11300000000006
CA,228,64.3,66.3,66.15700000000004
CA,235,65.3,67.2,66.92076190476183
CA,242,66.3,68.1,67.77200000000008
CA,249,67.2,69.0,69.102
CA,256,68.1,69.7,70.09999999999992
CA,263,69.0,70.3,70.1730000000001
CA,270,69.7,71.0,70.98139999999998
CA,277,70.3,71.6,71.76400000000008
CA,284,71.0,72.3,72.20100000000008
CA,291,71.6,72.9,73.45099999999988
CA,298,72.3,73.5,73.48500000000001
CA,305,72.9,74.1,74.19400000000007
CA,312,73.5,74.8,74.98800000000007
CO,110,30.5,40.2,38.399999999999956
CO,117,34.9,43.7,43.31199999999996
CO,124,40.2,46.2,45.95799999999998
CO,131,43.7,47.9,48.57000000000002
CO,138,46.2,49.5,49.913000000000004
CO,145,47.9,51.4,51.458
CO,152,49.5,53.4,53.32899999999996
CO,159,51.4,54.6,53.64
CO,166,53.4,55.6,55.34300000000004
CO,173,54.6,56.6,57.17500000000005
CO,180,55.6,57.3,57.68200000000006
CO,187,56.6,58.0,57.99199999999999
CO,194,57.3,58.5,58.54933333333336
CO,201,58.0,59.0,59.15500000000003
CO,208,58.5,59.5,59.56600000000001
CO,215,59.0,60.1,60.195000000000064
CO,222,59.5,60.8,60.72500000000008
CO,229,60.1,61.5,61.45800000000002
CO,236,60.8,62.3,62.2110000000001
CO,243,61.5,62.9,62.743999999999915
CO,250,62.3,63.5,61.026133333333355
CO,257,62.9,64.1,64.10900000000008
CO,264,63.5,64.7,64.73799999999991
CO,271,64.1,65.1,65.37500000000009
CO,278,64.7,65.6,65.68659523809532
CO,285,65.1,66.1,66.39800000000008
CO,292,65.6,66.5,66.743
CO,299,66.1,66.9,67.22499999999995
CO,306,66.5,67.4,67.85
CT,104,32.4,41.7,38.61999999999998
CT,111,36.7,47.4,43.815000000000026
CT,118,41.7,51.5,49.07900000000001
CT,125,47.4,54.8,53.13800000000006
CT,132,51.5,56.8,56.31900000000005
CT,139,54.8,58.3,58.08000000000009
CT,146,56.8,60.7,60.117999999999945
CT,153,58.3,62.8,61.829000000000086
CT,160,60.7,63.8,63.08000000000009
CT,167,62.8,64.7,64.38099999999993
CT,174,63.8,65.7,65.52999999999993
CT,181,64.7,66.5,65.99899999999997
CT,188,65.7,67.2,66.92599999999995
CT,195,66.5,67.7,67.82799999999996
CT,202,67.2,68.3,68.69200000000009
CT,209,67.7,69.0,69.165
CT,216,68.3,69.8,69.65533333333342
CT,223,69.0,70.6,70.40700000000008
CT,230,69.8,71.4,71.36631666666658
CT,237,70.6,72.3,72.36200000000008
CT,244,71.4,73.1,72.97400000000009
CT,251,72.3,74.0,73.844
CT,258,73.1,74.5,74.16100000000004
CT,265,74.0,75.1,75.2220000000001
CT,272,74.5,75.7,76.01899999999993
CT,279,75.1,76.4,76.30499999999988
CT,286,75.7,77.1,76.83500000000006
CT,293,76.4,77.6,77.46400000000004
CT,300,77.1,78.2,78.15399999999995
CT,307,77.6,78.9,78.77799999999989
DC,105,23.9,34.7,29.517999999999994
DC,112,29.6,39.8,33.687
DC,119,34.7,44.7,40.187
DC,126,39.8,48.4,47.44699999999999
DC,133,44.7,50.7,50.746999999999936
DC,140,48.4,53.2,53.32799999999993
DC,147,50.7,55.3,55.09700000000009
DC,154,53.2,56.8,56.38100000000008
DC,161,55.3,57.6,57.76800000000002
DC,168,56.8,58.4,58.574999999999974
DC,175,57.6,60.1,60.428000000000075
DC,182,58.4,60.7,60.304999999999964
DC,189,60.1,61.6,61.178000000000075
DC,196,60.7,62.2,62.36499999999994
DC,203,61.6,62.8,62.874000000000066
DC,210,62.2,63.3,63.49120000000004
DC,217,62.8,64.0,64.03733333333335
DC,224,63.3,64.8,64.78500000000004
DC,231,64.0,65.7,65.35499999999995
DC,238,64.8,66.4,66.27362857142852
DC,245,65.7,67.2,67.23199999999994
DC,252,66.4,68.1,68.14000000000009
DC,259,67.2,68.8,68.75800000000007
DC,266,68.1,69.5,69.70299999999999
DC,273,68.8,70.3,70.13500000000009
DC,280,69.5,71.0,70.84900000000002
DC,287,70.3,71.9,71.6109999999999
DC,294,71.0,72.5,72.28800000000003
DC,301,71.9,73.4,73.47899999999987
DC,308,72.5,74.5,74.177
DE,106,29.3,38.0,37.01700000000001
DE,113,34.1,41.6,39.914000000000016
DE,120,38.0,45.1,45.094999999999985
DE,127,41.6,47.4,47.32499999999999
DE,134,45.1,49.1,49.39000000000001
DE,141,47.4,50.7,51.11899999999995
DE,148,49.1,52.6,53.023999999999994
DE,155,50.7,54.6,54.027000000000044
DE,162,52.6,55.6,55.221000000000004
DE,169,54.6,56.3,57.58899999999994
DE,176,55.6,57.1,57.72900000000007
DE,183,56.3,57.9,58.269999999999925
DE,190,57.1,58.6,58.19566666666668
DE,197,57.9,59.0,58.937999999999995
DE,204,58.6,59.5,59.564000000000014
DE,211,59.0,60.1,60.25900000000007
DE,218,59.5,60.8,60.724000000000075
DE,225,60.1,61.6,61.527000000000065
DE,232,60.8,62.3,62.2110000000001
DE,239,61.6,63.1,62.743999999999915
DE,246,62.3,63.9,63.67649999999995
DE,253,63.1,64.6,64.42700000000009
DE,260,63.9,64.9,64.86599999999993
DE,267,64.6,65.5,65.59999999999997
DE,274,64.9,66.0,66.32000000000002
DE,281,65.5,66.6,66.65600000000003
DE,288,66.0,67.4,67.47299999999994
DE,295,66.6,67.9,68.08199999999998
DE,302,67.4,68.5,68.715
DE,309,67.9,68.9,69.19199999999992
FL,107,27.2,34.8,33.956000000000024
FL,114,30.5,38.2,37.61899999999995
FL,121,34.8,40.5,40.230999999999995
FL,128,38.2,42.4,42.99300000000004
FL,135,40.5,44.3,45.33400000000007
FL,142,42.4,45.9,45.48399999999999
FL,149,44.3,47.8,47.53800000000004
FL,156,45.9,49.3,49.152000000000086
FL,163,47.8,50.2,49.843999999999944
FL,170,49.3,51.5,51.316
FL,177,50.2,52.5,52.26199999999997
FL,184,51.5,53.4,53.10199999999999
FL,191,52.5,54.2,53.89399999999994
FL,198,53.4,54.9,54.99899999999997
FL,205,54.2,55.6,55.64100000000005
FL,212,54.9,56.7,56.66249999999993
FL,219,55.6,58.2,57.89699999999996
FL,226,56.7,59.9,59.114999999999974
FL,233,58.2,61.3,60.54200000000011
FL,240,59.9,62.6,61.77300000000007
FL,247,61.3,63.7,63.501999999999946
FL,254,62.6,64.5,63.83999999999999
FL,261,63.7,65.5,65.07000000000001
FL,268,64.5,66.2,65.68599999999991
FL,275,65.5,66.7,66.56699999999998
FL,282,66.2,67.3,67.62000000000008
FL,289,66.7,67.8,68.36800000000005
FL,296,67.3,68.2,68.37999999999994
FL,303,67.8,68.7,68.84299999999989
FL,310,68.2,69.2,69.31251428571426
FM,108,14.5,16.5,17.850999999999996
FM,115,15.4,18.1,18.862999999999982
FM,122,16.5,19.3,20.36899999999998
FM,129,18.1,20.4,21.979000000000024
FM,136,19.3,21.4,22.74100000000003
FM,143,20.4,21.7,23.34700000000001
FM,150,21.4,23.9,27.420999999999996
FM,157,21.7,24.4,25.710000000000033
FM,164,23.9,25.8,25.477000000000004
FM,171,24.4,26.6,26.867999999999967
FM,178,25.8,27.9,28.296000000000028
FM,185,26.6,28.8,29.23800000000002
FM,192,27.9,29.7,29.77799999999999
FM,199,28.8,30.8,30.797000000000025
FM,206,29.7,31.3,31.505000000000024
FM,213,30.8,32.2,34.09200000000002
FM,220,31.3,32.7,33.00499999999996
FM,227,32.2,33.9,33.825000000000045
FM,234,32.7,36.7,35.77699999999997
FM,241,33.9,38.2,37.08399999999996
FM,248,36.7,40.1,38.95299999999995
FM,255,38.2,41.1,40.77899999999995
FM,262,40.1,41.6,41.50099999999997
FM,269,41.1,42.3,42.79800000000002
FM,276,41.6,42.9,43.42200000000005
FM,283,42.3,43.3,44.109999999999985
FM,290,42.9,43.6,44.009000000000015
FM,297,43.3,43.9,44.35850000000002
FM,304,43.6,44.3,44.646000000000065
FM,311,43.9,44.3,44.52566666666672
GA,109,23.7,31.0,29.571999999999992
GA,116,27.6,33.1,32.97199999999997
GA,123,31.0,34.5,36.55
GA,130,33.1,35.6,37.75599999999996
GA,137,34.5,36.9,37.55400000000006
GA,144,35.6,37.7,37.61899999999994
GA,151,36.9,38.9,38.80300000000004
GA,158,37.7,39.9,39.93800000000003
GA,165,38.9,41.3,40.92800000000005
GA,172,39.9,41.3,41.43000000000004
GA,179,41.3,42.5,43.361999999999995
GA,186,41.3,43.3,43.88100000000004
GA,193,42.5,43.9,43.80200000000003
GA,200,43.3,44.4,44.85900000000002
GA,207,43.9,45.1,45.555999999999976
GA,214,44.4,45.9,45.90300000000001
GA,221,45.1,46.3,46.563000000000066
GA,228,45.9,48.1,47.872
GA,235,46.3,48.8,48.628000000000064
GA,242,48.1,50.5,49.617000000000004
GA,249,48.8,51.6,51.22300000000003
GA,256,50.5,52.7,52.16399999999993
GA,263,51.6,53.5,53.193999999999996
GA,270,52.7,54.2,54.16100000000003
GA,277,53.5,54.8,55.02300000000007
GA,284,54.2,55.4,55.592999999999975
GA,291,54.8,55.8,55.793600000000026
GA,298,55.4,56.1,56.419000000000025
GA,305,55.8,56.7,56.88499999999995
GA,312,56.1,57.1,57.323000000000036
GU,110,33.7,40.9,40.68000000000004
GU,117,37.6,43.6,44.24399999999998
GU,124,40.9,45.7,47.06899999999995
GU,131,43.6,46.9,47.13799999999999
GU,138,45.7,49.4,49.205999999999996
GU,145,46.9,50.7,50.269999999999925
GU,152,49.4,52.5,51.67100000000003
GU,159,50.7,54.5,54.886
GU,166,52.5,56.9,56.68699999999996
GU,173,54.5,58.7,57.82299999999992
GU,180,56.9,59.6,59.145000000000074
GU,187,58.7,61.6,61.44700000000008
GU,194,59.6,62.4,62.57599999999996
GU,201,61.6,63.5,63.07899999999999
GU,208,62.4,64.2,63.989999999999945
GU,215,63.5,65.0,64.77799999999999
GU,222,64.2,65.7,65.7199999999999
GU,229,65.0,66.3,66.31291666666674
GU,236,65.7,67.1,67.09000000000005
GU,243,66.3,69.0,68.66700000000003
GU,250,67.1,71.1,69.99900000000008
GU,257,69.0,72.5,71.45199999999998
GU,264,71.1,74.5,70.63000000000002
GU,271,72.5,75.5,74.68099999999997
GU,278,74.5,77.0,76.69700000000003
GU,285,75.5,77.7,77.6669999999999
GU,292,77.0,78.2,77.96299999999995
GU,299,77.7,78.7,78.82999999999988
GU,306,78.2,79.6,79.49600000000008
HI,104,29.7,35.5,35.90599999999998
HI,111,32.6,38.8,40.54600000000004
HI,118,35.5,48.3,45.59500000000003
HI,125,38.8,52.7,48.726999999999926
HI,132,48.3,58.2,53.09999999999994
HI,139,52.7,60.1,58.876000000000076
HI,146,58.2,64.0,61.95200000000004
HI,153,60.1,65.8,65.52700000000007
HI,160,64.0,67.1,66.53200000000002
HI,167,65.8,68.1,66.34100000000007
HI,174,67.1,68.9,68.6559999999999
HI,181,68.1,69.3,69.75100000000009
HI,188,68.9,70.0,70.13800000000003
HI,195,69.3,70.3,70.53740000000008
HI,202,70.0,70.6,70.31300000000006
HI,209,70.3,70.9,71.31199999999994
HI,216,70.6,71.3,71.6280000000001
HI,223,70.9,71.9,72.22999999999992
HI,230,71.3,72.5,72.78599999999997
HI,237,71.9,73.2,73.24199999999992
HI,244,72.5,73.8,73.87900000000008
HI,251,73.2,74.5,74.87000000000002
HI,258,73.8,75.2,75.30599999999993
HI,265,74.5,76.0,75.95399999999998
HI,272,75.2,76.4,76.36199999999987
HI,279,76.0,76.8,76.77800000000006
HI,286,76.4,77.3,77.23300000000006
HI,293,76.8,77.6,77.80800000000009
HI,300,77.3,78.2,78.24199999999992
HI,307,77.6,78.6,79.15100000000001
IA,105,29.2,36.7,36.45399999999995
IA,112,33.5,40.4,38.79000000000005
IA,119,36.7,42.6,42.88599999999997
IA,126,40.4,44.3,44.06500000000005
IA,133,42.6,45.4,46.376
IA,140,44.3,46.3,46.76800000000006
IA,147,45.4,47.9,48.29300000000001
IA,154,46.3,49.0,48.808000000000014
IA,161,47.9,49.7,49.22999999999993
IA,168,49.0,50.2,50.38099999999995
IA,175,49.7,50.8,51.16300000000005
IA,182,50.2,51.2,51.54599999999992
IA,189,50.8,51.6,51.83400000000002
IA,196,51.2,51.9,52.160999999999966
IA,203,51.6,52.3,52.989500000000035
IA,210,51.9,52.7,52.822499999999934
IA,217,52.3,53.3,53.367000000000054
IA,224,52.7,54.0,53.78900000000005
IA,231,53.3,54.8,54.680000000000064
IA,238,54.0,55.5,55.20399999999999
IA,245,54.8,56.1,55.832700000000024
IA,252,55.5,56.6,56.79200000000005
IA,259,56.1,57.0,57.43800000000006
IA,266,56.6,57.5,57.672000000000004
IA,273,57.0,57.9,57.98000000000006
IA,280,57.5,58.2,58.159999999999926
IA,287,57.9,58.6,58.76800000000007
IA,294,58.2,58.9,59.055999999999955
IA,301,58.6,59.2,59.55999999999992
IA,308,58.9,59.6,60.179999999999964
ID,106,25.1,30.7,30.991999999999972
ID,113,27.9,32.1,34.428000000000004
ID,120,30.7,33.3,33.56200000000003
ID,127,32.1,34.3,36.65200000000004
ID,134,33.3,35.0,35.37300000000001
ID,141,34.3,36.0,36.02099999999998
ID,148,35.0,36.9,36.784000000000034
ID,155,36.0,37.6,37.349999999999966
ID,162,36.9,38.0,38.352999999999994
ID,169,37.6,38.5,38.952
ID,176,38.0,39.1,40.36300000000001
ID,183,38.5,39.4,39.39900000000004
ID,190,39.1,39.8,39.95900000000006
ID,197,39.4,40.1,40.549999999999976
ID,204,39.8,40.4,40.751000000000055
ID,211,40.1,40.7,41.371999999999964
ID,218,40.4,41.3,41.90400000000004
ID,225,40.7,41.8,41.94000000000006
ID,232,41.3,42.5,42.519000000000005
ID,239,41.8,43.3,43.32500000000005
ID,246,42.5,44.1,44.205999999999975
ID,253,43.3,44.8,44.93300000000008
ID,260,44.1,45.4,45.557000000000016
ID,267,44.8,46.1,46.337000000000025
ID,274,45.4,46.8,47.21100000000007
ID,281,46.1,47.3,47.46900000000006
ID,288,46.8,47.8,48.14400000000005
ID,295,47.3,48.2,48.36599999999995
ID,302,47.8,48.6,52.25400000000004
ID,309,48.2,49.1,49.204000000000015
IH2,107,28.4,31.7,32.764999999999965
IH2,114,30.3,32.9,33.47700000000004
IH2,121,31.7,33.9,33.99500000000005
IH2,128,32.9,34.6,34.69799999999996
IH2,135,33.9,35.1,35.44599999999995
IH2,142,34.6,35.7,36.128999999999955
IH2,149,35.1,36.4,36.40700000000001
IH2,156,35.7,37.0,36.934999999999974
IH2,163,36.4,37.4,37.66200000000005
IH2,170,37.0,37.8,38.08300000000004
IH2,177,37.4,38.1,38.63899999999997
IH2,184,37.8,38.4,38.979000000000035
IH2,191,38.1,38.7,39.05899999999995
IH2,198,38.4,38.9,39.13400000000004
IH2,205,38.7,39.2,39.438999999999986
IH2,212,38.9,39.6,39.86399999999996
IH2,219,39.2,40.0,40.68399999999996
IH2,226,39.6,40.4,40.55700000000004
IH2,233,40.0,41.0,41.709000000000024
IH2,240,40.4,41.4,41.720000000000056
IH2,247,41.0,41.8,41.93000000000007
IH2,254,41.4,42.3,42.65300000000005
IH2,261,41.8,42.7,43.22099999999995
IH2,268,42.3,43.0,43.400999999999996
IH2,275,42.7,43.3,43.77300000000007
IH2,282,43.0,43.6,43.84415
IH2,289,43.3,43.9,44.06
IH2,296,43.6,44.1,44.40033333333332
IH2,303,43.9,44.4,44.56666666666671
IH2,310,44.1,44.7,45.02133333333329
IL,108,30.5,39.1,38.29999999999996
IL,115,34.6,42.4,42.93500000000001
IL,122,39.1,45.4,45.152000000000015
IL,129,42.4,47.4,48.15600000000001
IL,136,45.4,49.3,49.788999999999994
IL,143,47.4,51.1,50.64999999999999
IL,150,49.3,53.5,53.307999999999986
IL,157,51.1,55.1,54.66200000000004
IL,164,53.5,56.2,55.86099999999994
IL,171,55.1,57.3,57.83100000000004
IL,178,56.2,58.4,58.405999999999985
IL,185,57.3,59.3,59.25300000000006
IL,192,58.4,60.0,60.018999999999984
IL,199,59.3,60.5,60.636000000000024
IL,206,60.0,61.1,61.70400000000005
IL,213,60.5,61.8,61.75300000000007
IL,220,61.1,62.7,62.593999999999916
IL,227,61.8,63.6,63.27000000000002
IL,234,62.7,64.5,64.09299999999999
IL,241,63.6,65.1,64.87200000000007
IL,248,64.5,66.0,65.98600000000002
IL,255,65.1,66.7,66.67899999999993
IL,262,66.0,67.3,66.84799999999998
IL,269,66.7,67.8,67.90700000000005
IL,276,67.3,68.3,68.83300000000011
IL,283,67.8,68.9,68.9539999999999
IL,290,68.3,69.4,69.31251428571426
IL,297,68.9,69.5,69.94800000000004
IL,304,69.4,69.6,70.36088333333326
IL,311,69.5,65.8,67.65500000000007
IN,109,25.3,31.3,30.289999999999996
IN,116,28.1,33.8,33.48300000000004
IN,123,31.3,35.5,35.33399999999999
IN,130,33.8,36.9,37.104000000000035
IN,137,35.5,38.4,38.36700000000003
IN,144,36.9,39.7,39.64099999999994
IN,151,38.4,41.0,40.73499999999999
IN,158,39.7,41.9,40.89300000000002
IN,165,41.0,42.6,42.969999999999956
IN,172,41.9,43.3,43.93300000000002
IN,179,42.6,44.0,44.29299999999999
IN,186,43.3,44.6,44.592
IN,193,44.0,45.5,45.67800000000001
IN,200,44.6,45.9,46.62
IN,207,45.5,46.3,47.03300000000004
IN,214,45.9,46.9,47.35300000000002
IN,221,46.3,47.6,47.755
IN,228,46.9,48.3,48.59000000000004
IN,235,47.6,48.9,48.29100000000001
IN,242,48.3,49.5,49.35384999999997
IN,249,48.9,50.2,50.06599999999996
IN,256,49.5,50.7,50.66599999999994
IN,263,50.2,51.2,51.369999999999926
IN,270,50.7,51.8,51.90000000000007
IN,277,51.2,52.2,52.47899999999995
IN,284,51.8,52.6,52.97800000000003
IN,291,52.2,52.9,53.06799999999999
IN,298,52.6,53.2,53.353999999999935
IN,305,52.9,53.5,53.84799999999998
IN,312,53.2,53.9,54.306999999999995
KS,110,30.5,38.8,39.46699999999999
KS,117,35.3,41.1,42.10899999999998
KS,124,38.8,42.3,43.528000000000056
KS,131,41.1,43.3,45.540000000000056
KS,138,42.3,44.2,44.65599999999997
KS,145,43.3,45.1,45.077999999999996
KS,152,44.2,46.3,46.34100000000006
KS,159,45.1,46.9,46.881
KS,166,46.3,47.6,47.74600000000001
KS,173,46.9,48.2,48.56099999999994
KS,180,47.6,48.7,48.63199999999994
KS,187,48.2,49.2,49.35384999999997
KS,194,48.7,49.6,49.76399999999999
KS,201,49.2,50.1,50.74199999999998
KS,208,49.6,50.7,50.80299999999994
KS,215,50.1,53.0,52.423999999999985
KS,222,50.7,54.0,53.42000000000001
KS,229,53.0,54.9,52.754999999999974
KS,236,54.0,55.9,56.39299999999996
KS,243,54.9,56.7,56.76899999999992
KS,250,55.9,57.6,57.61700000000005
KS,257,56.7,58.2,58.89499999999998
KS,264,57.6,58.8,59.15500000000009
KS,271,58.2,59.3,59.3624
KS,278,58.8,59.9,60.03199999999996
KS,285,59.3,60.4,60.30299999999998
KS,292,59.9,61.0,61.041
KS,299,60.4,61.5,61.52799999999999
KS,306,61.0,62.2,62.236999999999924
KY,104,29.1,35.1,36.935000000000024
KY,111,32.0,38.0,39.05700000000001
KY,118,35.1,39.8,39.46300000000004
KY,125,38.0,41.1,40.788999999999966
KY,132,39.8,42.0,42.60300000000001
KY,139,41.1,43.1,43.77699999999998
KY,146,42.0,44.5,44.69600000000001
KY,153,43.1,46.0,45.20499999999999
KY,160,44.5,46.8,46.67700000000005
KY,167,46.0,47.5,47.51
KY,174,46.8,48.5,48.94599999999998
KY,181,47.5,49.1,49.34700000000002
KY,188,48.5,49.6,49.78250000000002
KY,195,49.1,50.0,50.261
KY,202,49.6,50.5,50.730999999999995
KY,209,50.0,51.1,51.49499999999999
KY,216,50.5,51.9,52.031000000000006
KY,223,51.1,53.0,52.622999999999976
KY,230,51.9,54.1,53.77900000000004
KY,237,53.0,55.3,54.76425000000007
KY,244,54.1,56.4,56.37099999999994
KY,251,55.3,57.6,57.83900000000004
KY,258,56.4,58.5,57.90000000000005
KY,265,57.6,59.4,59.19099999999997
KY,272,58.5,60.1,60.08900000000004
KY,279,59.4,60.8,60.98299999999999
KY,286,60.1,61.5,61.797000000000004
KY,293,60.8,62.0,62.012000000000015
KY,300,61.5,62.4,62.53999999999993
KY,307,62.0,57.3,61.026133333333355
LA,105,24.9,29.3,29.72600000000002
LA,112,27.5,30.8,31.44400000000003
LA,119,29.3,31.7,32.49299999999999
LA,126,30.8,32.2,32.903999999999954
LA,133,31.7,33.2,33.58299999999998
LA,140,32.2,34.0,34.19500000000001
LA,147,33.2,34.9,35.10200000000001
LA,154,34.0,35.6,35.518
LA,161,34.9,36.2,36.32599999999996
LA,168,35.6,36.7,36.87999999999995
LA,175,36.2,37.4,37.59800000000004
LA,182,36.7,37.8,38.01700000000005
LA,189,37.4,38.7,38.68799999999993
LA,196,37.8,39.1,39.24999999999995
LA,203,38.7,39.7,39.48099999999993
LA,210,39.1,40.7,41.03300000000006
LA,217,39.7,42.4,41.792000000000044
LA,224,40.7,44.4,43.14400000000004
LA,231,42.4,46.4,45.14900000000001
LA,238,44.4,48.0,47.46799999999999
LA,245,46.4,49.3,49.01400000000005
LA,252,48.0,50.0,50.011
LA,259,49.3,50.5,50.668
LA,266,50.0,51.0,51.483999999999995
LA,273,50.5,51.5,51.827999999999996
LA,280,51.0,51.9,52.13399999999997
LA,287,51.5,52.3,52.34600000000007
LA,294,51.9,52.7,52.79639166666668
LA,301,52.3,53.5,53.51599999999999
LA,308,52.7,53.8,53.78000000000006
MA,106,32.7,43.0,41.62700000000001
MA,113,37.4,48.4,46.04700000000002
MA,120,43.0,53.1,51.10199999999998
MA,127,48.4,57.3,55.39200000000009
MA,134,53.1,60.1,56.152000000000065
MA,141,57.3,62.3,61.26500000000007
MA,148,60.1,64.6,63.36900000000005
MA,155,62.3,66.2,66.20699999999995
MA,162,64.6,67.6,64.28699999999996
MA,169,66.2,68.5,67.847
MA,176,67.6,69.5,69.161
MA,183,68.5,70.1,70.19000000000005
MA,190,69.5,70.8,70.60000000000005
MA,197,70.1,71.2,71.49399999999993
MA,204,70.8,71.6,71.6160000000001
MA,211,71.2,72.1,72.50000000000006
MA,218,71.6,72.7,72.88299999999992
MA,225,72.1,73.4,73.4049999999999
MA,232,72.7,73.9,73.95899999999995
MA,239,73.4,74.6,74.60800000000002
MA,246,73.9,75.2,75.10099999999993
MA,253,74.6,75.8,75.65700000000011
MA,260,75.2,76.2,76.17999999999992
MA,267,75.8,76.7,76.72399999999998
MA,274,76.2,77.2,77.26099999999998
MA,281,76.7,77.7,77.51899999999988
MA,288,77.2,78.3,78.2150000000001
MA,295,77.7,78.8,78.6960000000001
MA,302,78.3,79.5,79.56199999999998
MA,309,78.8,80.3,80.04500000000009
MD,107,30.0,38.5,37.45799999999999
MD,114,34.1,43.1,42.69499999999997
MD,121,38.5,46.6,46.34799999999999
MD,128,43.1,49.3,49.028000000000056
MD,135,46.6,51.5,51.92300000000003
MD,142,49.3,53.5,53.34500000000002
MD,149,51.5,55.5,55.69200000000003
MD,156,53.5,57.4,57.24799999999998
MD,163,55.5,58.5,57.98900000000004
MD,170,57.4,59.5,59.62
MD,177,58.5,60.5,61.68700000000006
MD,184,59.5,61.7,61.59499999999997
MD,191,60.5,62.4,62.18599999999996
MD,198,61.7,62.9,62.842999999999975
MD,205,62.4,63.5,63.68299999999999
MD,212,62.9,64.1,64.12100000000005
MD,219,63.5,64.9,64.70599999999989
MD,226,64.1,65.8,65.68600000000009
MD,233,64.9,66.6,65.68659523809532
MD,240,65.8,67.3,67.1650000000001
MD,247,66.6,68.1,68.2620000000001
MD,254,67.3,68.8,69.44100000000002
MD,261,68.1,69.3,69.42600000000004
MD,268,68.8,69.9,70.00166666666665
MD,275,69.3,70.4,70.56899999999995
MD,282,69.9,71.0,70.85300000000002
MD,289,70.4,71.5,71.60999999999999
MD,296,71.0,72.0,71.96000000000004
MD,303,71.5,72.5,72.88099999999997
MD,310,72.0,73.1,73.25200000000007
ME,108,33.9,45.2,43.461999999999954
ME,115,38.7,49.7,46.87299999999996
ME,122,45.2,53.0,51.41200000000001
ME,129,49.7,55.8,55.10100000000004
ME,136,53.0,57.8,58.62100000000007
ME,143,55.8,59.5,59.49300000000003
ME,150,57.8,62.2,61.98699999999992
ME,157,59.5,63.2,62.20399999999997
ME,164,62.2,64.4,63.83899999999994
ME,171,63.2,65.2,64.74599999999992
ME,178,64.4,65.9,65.53399999999993
ME,185,65.2,66.2,66.34099999999991
ME,192,65.9,66.7,67.01099999999995
ME,199,66.2,67.2,67.73199999999993
ME,206,66.7,67.5,67.99200000000005
ME,213,67.2,68.1,68.21800000000005
ME,220,67.5,68.7,68.67599999999987
ME,227,68.1,69.3,69.41436666666675
ME,234,68.7,70.0,69.84299999999999
ME,241,69.3,70.7,70.69299999999994
ME,248,70.0,71.6,71.38700000000007
ME,255,70.7,72.0,71.853
ME,262,71.6,72.8,72.60400000000008
ME,269,72.0,73.5,73.608
ME,276,72.8,74.0,73.97600000000001
ME,283,73.5,74.4,74.52999999999996
ME,290,74.0,74.9,74.87299999999992
ME,297,74.4,75.5,75.50400000000002
ME,304,74.9,76.1,76.0020000000001
ME,311,75.5,77.0,76.86100000000002
MH,109,21.4,23.0,25.138000000000012
MH,116,22.4,23.9,25.13200000000003
MH,123,23.0,24.6,25.149999999999977
MH,130,23.9,25.4,25.785000000000018
MH,137,24.6,26.6,26.894999999999964
MH,144,25.4,27.3,27.996000000000013
MH,151,26.6,27.5,28.186000000000014
MH,158,27.3,28.2,29.898999999999997
MH,165,27.5,28.9,29.24000000000004
MH,172,28.2,29.2,29.562
MH,179,28.9,30.5,30.752000000000002
MH,186,29.2,31.2,31.358
MH,193,30.5,31.8,32.02300000000003
MH,200,31.2,32.2,33.12299999999999
MH,207,31.8,33.4,33.60800000000003
MH,214,32.2,34.0,34.25000000000001
MH,221,33.4,34.6,34.84499999999997
MH,228,34.0,35.2,35.53299999999996
MH,235,34.6,35.4,35.82100000000003
MH,242,35.2,36.2,36.35399999999995
MH,249,35.4,36.7,36.87399999999995
MH,256,36.2,37.2,37.20699999999997
MH,263,36.7,38.2,38.11500000000002
MH,270,37.2,38.6,38.65699999999995
MH,277,38.2,38.7,38.96699999999994
MH,284,38.6,39.2,39.50499999999997
MH,291,38.7,39.5,41.41300000000007
MH,298,39.2,39.7,39.87099999999994
MH,305,39.5,40.7,40.68099999999995
MH,312,39.7,41.3,41.46700000000006
MI,110,29.2,36.7,36.39099999999995
MI,117,32.6,39.8,39.37500000000004
MI,124,36.7,42.2,42.428999999999945
MI,131,39.8,43.7,45.52099999999994
MI,138,42.2,45.1,45.97699999999997
MI,145,43.7,46.6,46.412
MI,152,45.1,48.2,47.68799999999994
MI,159,46.6,49.0,48.536000000000016
MI,166,48.2,49.8,50.21100000000007
MI,173,49.0,50.5,50.61999999999999
MI,180,49.8,51.0,51.104
MI,187,50.5,51.5,51.681
MI,194,51.0,51.7,51.97599999999995
MI,201,51.5,52.2,52.29399999999994
MI,208,51.7,52.6,52.79639166666668
MI,215,52.2,53.0,52.995
MI,222,52.6,53.5,53.435999999999964
MI,229,53.0,54.0,54.08599999999998
MI,236,53.5,54.5,54.526
MI,243,54.0,54.9,55.091999999999956
MI,250,54.5,55.4,55.39319999999997
MI,257,54.9,55.7,55.85199999999993
MI,264,55.4,56.0,56.64500000000007
MI,271,55.7,56.6,56.69900000000001
MI,278,56.0,57.0,57.23200000000003
MI,285,56.6,57.5,57.70060000000003
MI,292,57.0,57.4,57.71599999999999
MI,299,57.5,57.6,57.89499999999998
MI,306,57.4,58.1,58.76800000000007
MN,104,28.7,36.7,36.705999999999946
MN,111,32.6,41.2,39.35700000000001
MN,118,36.7,44.1,43.88199999999999
MN,125,41.2,46.9,47.123999999999995
MN,132,44.1,48.5,49.088
MN,139,46.9,50.3,50.46400000000006
MN,146,48.5,52.3,52.31400000000007
MN,153,50.3,54.0,53.79300000000001
MN,160,52.3,54.7,55.50399999999999
MN,167,54.0,55.4,55.75399999999997
MN,174,54.7,56.1,56.665000000000035
MN,181,55.4,56.6,57.22300000000005
MN,188,56.1,57.1,57.18700000000003
MN,195,56.6,57.5,57.58800000000001
MN,202,57.1,57.8,57.96400000000007
MN,209,57.5,58.2,58.50099999999995
MN,216,57.8,58.8,58.83700000000009
MN,223,58.2,59.5,59.338999999999984
MN,230,58.8,60.2,59.93399999999991
MN,237,59.5,60.9,60.556999999999945
MN,244,60.2,61.5,61.364000000000004
MN,251,60.9,62.1,62.148000000000074
MN,258,61.5,62.5,62.52999999999995
MN,265,62.1,62.9,62.23486666666661
MN,272,62.5,63.2,63.51899999999994
MN,279,62.9,63.6,63.85600000000005
MN,286,63.2,64.0,64.4179999999999
MN,293,63.6,64.3,64.41900000000005
MN,300,64.0,64.7,65.0046666666666
MN,307,64.3,65.1,65.38000000000007
MO,105,24.5,30.5,30.392999999999997
MO,112,27.6,33.7,33.294999999999966
MO,119,30.5,35.8,35.81600000000003
MO,126,33.7,37.9,37.179000000000045
MO,133,35.8,38.8,39.147000000000055
MO,140,37.9,39.6,40.07399999999995
MO,147,38.8,41.1,41.805999999999976
MO,154,39.6,42.0,41.876000000000005
MO,161,41.1,42.5,42.62999999999998
MO,168,42.0,43.2,43.687999999999946
MO,175,42.5,44.1,44.394999999999975
MO,182,43.2,44.5,44.62100000000004
MO,189,44.1,45.3,45.43100000000004
MO,196,44.5,45.8,46.35600000000004
MO,203,45.3,46.7,46.74100000000006
MO,210,45.8,47.6,47.54999999999999
MO,217,46.7,48.9,48.60400000000001
MO,224,47.6,49.8,49.59900000000003
MO,231,48.9,51.0,50.806000000000004
MO,238,49.8,51.7,51.596000000000004
MO,245,51.0,52.5,52.71700000000001
MO,252,51.7,53.2,53.20899999999993
MO,259,52.5,53.6,53.6305166666667
MO,266,53.2,54.1,54.76400000000004
MO,273,53.6,54.6,54.915000000000006
MO,280,54.1,55.0,55.30000000000001
MO,287,54.6,55.5,55.93724999999999
MO,294,55.0,55.9,55.96599999999998
MO,301,55.5,56.3,56.47200000000007
MO,308,55.9,56.9,57.01699999999995
MP,106,28.1,33.2,32.23799999999997
MP,113,30.5,36.1,35.424999999999976
MP,120,33.2,37.9,37.322000000000045
MP,127,36.1,39.5,38.88
MP,134,37.9,41.1,40.905999999999935
MP,141,39.5,42.4,42.09300000000001
MP,148,41.1,44.4,43.182000000000016
MP,155,42.4,46.0,45.32
MP,162,44.4,47.1,47.035999999999994
MP,169,46.0,48.4,48.423
MP,176,47.1,49.7,49.829999999999906
MP,183,48.4,51.2,50.336999999999996
MP,190,49.7,52.2,51.78599999999994
MP,197,51.2,53.2,52.97499999999993
MP,204,52.2,54.5,54.31799999999999
MP,211,53.2,55.9,55.476999999999954
MP,218,54.5,57.1,56.80000000000004
MP,225,55.9,58.3,58.13500000000008
MP,232,57.1,59.5,59.29699999999999
MP,239,58.3,60.5,60.332000000000015
MP,246,59.5,61.3,61.0820000000001
MP,253,60.5,61.8,62.01500000000007
MP,260,61.3,62.1,62.500000000000064
MP,267,61.8,62.4,62.76033333333327
MP,274,62.1,62.7,63.256999999999906
MP,281,62.4,62.9,63.27399999999991
MP,288,62.7,63.2,63.46399999999994
MP,295,62.9,63.4,63.88499999999992
MP,302,63.2,63.6,64.16600000000003
MP,309,63.4,64.0,64.32200000000003
MS,107,24.3,27.9,28.65600000000004
MS,114,25.9,29.4,29.898000000000042
MS,121,27.9,30.2,30.304999999999986
MS,128,29.4,31.1,31.49999999999999
MS,135,30.2,32.0,32.176999999999985
MS,142,31.1,32.5,32.832
MS,149,32.0,33.2,33.40199999999999
MS,156,32.5,34.0,34.31100000000001
MS,163,33.2,34.4,35.44700000000003
MS,170,34.0,34.9,35.31700000000002
MS,177,34.4,35.4,35.80600000000003
MS,184,34.9,35.9,36.09500000000002
MS,191,35.4,36.3,36.62800000000003
MS,198,35.9,37.1,37.16099999999997
MS,205,36.3,37.7,37.97199999999996
MS,212,37.1,38.6,38.653999999999975
MS,219,37.7,39.8,39.474000000000025
MS,226,38.6,41.9,40.99200000000005
MS,233,39.8,43.3,42.23900000000007
MS,240,41.9,45.1,44.30799999999997
MS,247,43.3,46.3,45.89000000000006
MS,254,45.1,47.7,47.42899999999993
MS,261,46.3,48.5,48.584
MS,268,47.7,49.3,49.41600000000007
MS,275,48.5,49.9,50.354000000000006
MS,282,49.3,50.3,50.668000000000056
MS,289,49.9,50.7,50.99899999999993
MS,296,50.3,51.3,51.43100000000006
MS,303,50.7,51.7,51.84899999999993
MS,310,51.3,52.0,52.23999999999998
MT,108,29.8,36.7,35.714999999999954
MT,115,33.3,38.6,40.30999999999996
MT,122,36.7,40.0,41.442
MT,129,38.6,41.3,43.03000000000003
MT,136,40.0,42.2,42.31499999999996
MT,143,41.3,43.2,43.167999999999964
MT,150,42.2,44.5,44.60100000000001
MT,157,43.2,45.3,45.294000000000054
MT,164,44.5,46.2,46.02099999999994
MT,171,45.3,46.7,46.90699999999995
MT,178,46.2,47.2,47.47399999999993
MT,185,46.7,47.6,48.23999999999998
MT,192,47.2,48.0,48.52899999999999
MT,199,47.6,48.3,49.99800000000008
MT,206,48.0,48.6,48.93500000000002
MT,213,48.3,49.0,49.247999999999976
MT,220,48.6,49.7,49.451999999999934
MT,227,49.0,50.3,49.98200000000006
MT,234,49.7,50.7,50.76799999999994
MT,241,50.3,51.6,51.801
MT,248,50.7,52.2,51.988999999999926
MT,255,51.6,52.7,52.48099999999994
MT,262,52.2,53.5,53.46075000000003
MT,269,52.7,54.2,54.29199999999992
MT,276,53.5,54.6,54.45400000000002
MT,283,54.2,55.1,55.26299999999999
MT,290,54.6,55.5,55.793600000000026
MT,297,55.1,56.1,56.10000000000001
MT,304,55.5,56.5,56.54500000000004
MT,311,56.1,57.0,57.02699999999995
NC,109,28.9,34.7,35.54399999999996
NC,116,31.6,37.0,37.28100000000002
NC,123,34.7,38.7,38.236999999999966
NC,130,37.0,39.9,40.746000000000045
NC,137,38.7,40.7,40.98999999999994
NC,144,39.9,41.7,41.87499999999997
NC,151,40.7,42.8,43.07600000000005
NC,158,41.7,43.5,43.736999999999995
NC,165,42.8,44.0,44.197999999999986
NC,172,43.5,44.3,45.05300000000004
NC,179,44.0,44.8,46.03099999999999
NC,186,44.3,48.6,47.74066666666668
NC,193,44.8,49.1,47.892000000000024
NC,200,48.6,49.5,48.37600000000001
NC,207,49.1,50.1,51.11599999999999
NC,214,49.5,50.8,51.81300000000008
NC,221,50.1,51.7,51.69999999999994
NC,228,50.8,52.6,52.602000000000025
NC,235,51.7,53.7,53.21599999999992
NC,242,52.6,54.8,54.30300000000007
NC,249,53.7,55.8,55.46600000000006
NC,256,54.8,56.8,56.48300000000007
NC,263,55.8,57.8,57.60400000000008
NC,270,56.8,58.6,58.65900000000004
NC,277,57.8,59.6,59.67000000000008
NC,284,58.6,60.8,60.60866666666676
NC,291,59.6,61.6,61.56500000000005
NC,298,60.8,62.4,62.41699999999994
NC,305,61.6,63.6,63.436000000000014
NC,312,62.4,64.9,64.31849999999993
ND,110,32.8,37.1,37.056999999999974
ND,117,35.2,38.2,39.665999999999954
ND,124,37.1,39.0,40.723999999999975
ND,131,38.2,39.7,40.247999999999955
ND,138,39.0,40.3,40.59400000000006
ND,145,39.7,41.0,41.07800000000003
ND,152,40.3,41.8,41.97400000000005
ND,159,41.0,42.3,42.34400000000005
ND,166,41.8,42.7,42.740999999999964
ND,173,42.3,43.2,43.67099999999995
ND,180,42.7,43.5,43.77900000000002
ND,187,43.2,43.9,43.84415
ND,194,43.5,44.2,44.67699999999995
ND,201,43.9,44.5,44.65633333333335
ND,208,44.2,44.8,45.11233333333335
ND,215,44.5,45.3,47.46900000000003
ND,222,44.8,45.8,46.44100000000007
ND,229,45.3,46.4,46.81800000000002
ND,236,45.8,47.1,47.294
ND,243,46.4,47.7,47.97899999999994
ND,250,47.1,48.4,48.73300000000001
ND,257,47.7,49.1,49.232000000000006
ND,264,48.4,49.9,49.79529999999999
ND,271,49.1,50.5,50.40599999999998
ND,278,49.9,51.0,50.86999999999999
ND,285,50.5,51.5,51.647
ND,292,51.0,52.1,52.138000000000005
ND,299,51.5,52.5,52.417999999999985
ND,306,52.1,53.0,52.79639166666668
NE,104,28.6,36.1,36.30399999999998
NE,111,32.4,40.1,39.97899999999997
NE,118,36.1,42.0,42.446
NE,125,40.1,43.1,44.77399999999999
NE,132,42.0,44.1,45.324999999999974
NE,139,43.1,45.5,45.71900000000002
NE,146,44.1,46.5,46.72499999999998
NE,153,45.5,47.9,47.88500000000001
NE,160,46.5,48.8,48.73600000000006
NE,167,47.9,49.4,49.46899999999999
NE,174,48.8,50.1,50.30500000000001
NE,181,49.4,51.4,51.43999999999998
NE,188,50.1,51.8,51.79400000000004
NE,195,51.4,52.1,52.314000000000036
NE,202,51.8,52.6,53.03900000000002
NE,209,52.1,52.9,53.18166666666667
NE,216,52.6,53.8,53.43399999999993
NE,223,52.9,54.7,54.42099999999994
NE,230,53.8,55.6,55.14700000000003
NE,237,54.7,56.2,56.03099999999997
NE,244,55.6,57.1,57.043000000000056
NE,251,56.2,57.8,57.84400000000007
NE,258,57.1,58.2,58.15206666666664
NE,265,57.8,58.7,58.829999999999934
NE,272,58.2,59.1,59.45066666666674
NE,279,58.7,59.5,59.634999999999984
NE,286,59.1,59.9,60.12999999999995
NE,293,59.5,60.2,60.38299999999995
NE,300,59.9,60.6,60.827000000000055
NE,307,60.2,60.9,61.28699999999996
NH,105,29.7,48.7,43.80499999999996
NH,112,40.1,58.0,48.49800000000002
NH,119,48.7,59.2,56.608999999999924
NH,126,58.0,60.5,59.74500000000002
NH,133,59.2,57.2,59.42699999999995
NH,140,60.5,59.6,61.94100000000006
NH,147,57.2,64.0,63.59700000000004
NH,154,59.6,59.7,59.40699999999996
NH,161,64.0,60.4,60.63199999999996
NH,168,59.7,61.1,63.09000000000009
NH,175,60.4,61.6,61.545000000000066
NH,182,61.1,61.8,61.8072666666667
NH,189,61.6,62.9,62.79999999999993
NH,196,61.8,63.4,63.48699999999992
NH,203,62.9,63.8,63.1429999999999
NH,210,63.4,64.2,64.57499999999999
NH,217,63.8,64.7,65.11399999999995
NH,224,64.2,65.3,65.31789999999997
NH,231,64.7,65.7,65.90099999999993
NH,238,65.3,66.4,66.51799999999996
NH,245,65.7,66.9,67.63800000000006
NH,252,66.4,67.7,67.78
NH,259,66.9,68.0,68.25100000000002
NH,266,67.7,68.6,69.24599999999995
NH,273,68.0,69.1,69.45200000000008
NH,280,68.6,70.2,70.13999999999992
NH,287,69.1,71.6,71.23706666666673
NH,294,70.2,72.6,71.9628333333334
NH,301,71.6,73.9,72.84999999999995
NH,308,72.6,76.0,75.38899999999995
NJ,106,31.8,41.5,41.181
NJ,113,36.4,46.0,43.602
NJ,120,41.5,49.6,48.794000000000025
NJ,127,46.0,52.2,50.260000000000026
NJ,134,49.6,54.2,53.31299999999997
NJ,141,52.2,56.1,56.30500000000006
NJ,148,54.2,58.3,57.837000000000074
NJ,155,56.1,60.2,60.017999999999944
NJ,162,58.3,61.3,61.30100000000005
NJ,169,60.2,62.7,63.781999999999954
NJ,176,61.3,63.8,63.778000000000056
NJ,183,62.7,62.5,62.933
NJ,190,63.8,63.3,64.09900000000006
NJ,197,62.5,63.9,64.94799999999991
NJ,204,63.3,64.5,64.187
NJ,211,63.9,65.2,65.1169999999999
NJ,218,64.5,66.1,65.8718666666667
NJ,225,65.2,67.1,66.8500000000001
NJ,232,66.1,68.0,67.45899999999997
NJ,239,67.1,68.9,68.43699999999997
NJ,246,68.0,69.7,70.79699999999997
NJ,253,68.9,70.5,70.32900000000002
NJ,260,69.7,71.2,70.99599999999998
NJ,267,70.5,71.8,71.7900000000001
NJ,274,71.2,72.2,72.39999999999998
NJ,281,71.8,72.8,73.18199999999993
NJ,288,72.2,73.4,73.54399999999991
NJ,295,72.8,73.9,74.02099999999992
NJ,302,73.4,74.4,74.84300000000002
NJ,309,73.9,75.1,74.79200000000006
NM,107,37.5,45.0,43.93599999999999
NM,114,41.2,48.1,47.398999999999994
NM,121,45.0,50.1,49.21700000000001
NM,128,48.1,51.8,51.614000000000026
NM,135,50.1,53.2,53.51399999999996
NM,142,51.8,54.5,54.85699999999999
NM,149,53.2,56.4,55.69299999999999
NM,156,54.5,57.8,57.36600000000006
NM,163,56.4,58.5,58.294000000000025
NM,170,57.8,59.3,59.49600000000007
NM,177,58.5,60.8,60.713000000000086
NM,184,59.3,61.7,61.56099999999995
NM,191,60.8,63.4,62.52299999999994
NM,198,61.7,63.8,63.5950000000001
NM,205,63.4,64.3,64.14600000000004
NM,212,63.8,64.9,65.05599999999995
NM,219,64.3,65.8,65.82700000000007
NM,226,64.9,66.7,66.51199999999994
NM,233,65.8,67.6,66.7619999999999
NM,240,66.7,68.7,68.41999999999996
NM,247,67.6,69.8,69.52200000000005
NM,254,68.7,70.7,70.50199999999994
NM,261,69.8,71.3,71.24200000000008
NM,268,70.7,71.8,71.9840000000001
NM,275,71.3,72.3,72.5830000000001
NM,282,71.8,72.9,73.17199999999993
NM,289,72.3,73.4,73.5269999999999
NM,296,72.9,73.9,74.11899999999994
NM,303,73.4,75.7,75.36299999999996
NM,310,73.9,72.3,73.56700000000009
NV,108,27.5,34.1,34.40299999999996
NV,115,30.1,36.9,36.92400000000004
NV,122,34.1,38.8,38.69300000000004
NV,129,36.9,40.2,41.04199999999999
NV,136,38.8,41.7,42.50399999999995
NV,143,40.2,42.8,43.09000000000004
NV,150,41.7,44.5,43.804000000000016
NV,157,42.8,45.7,45.31799999999994
NV,164,44.5,46.6,46.442
NV,171,45.7,47.5,47.63999999999999
NV,178,46.6,48.4,48.68600000000001
NV,185,47.5,49.5,49.391999999999996
NV,192,48.4,50.4,50.58100000000006
NV,199,49.5,51.1,51.09900000000003
NV,206,50.4,52.0,52.038999999999994
NV,213,51.1,53.0,52.67799999999999
NV,220,52.0,54.1,53.74600000000005
NV,227,53.0,55.3,55.104000000000084
NV,234,54.1,56.2,56.249999999999915
NV,241,55.3,57.1,57.52800000000004
NV,248,56.2,58.0,57.90000000000005
NV,255,57.1,58.7,58.80499999999993
NV,262,58.0,59.4,59.45999999999997
NV,269,58.7,60.1,59.88600000000006
NV,276,59.4,60.6,60.47700000000006
NV,283,60.1,61.2,61.27799999999993
NV,290,60.6,61.7,61.97800000000004
NV,297,61.2,62.3,62.39900000000006
NV,304,61.7,62.9,62.99699999999995
NV,311,62.3,63.5,63.49199999999997
NY,109,31.1,40.4,40.13300000000003
NY,116,35.5,44.0,43.338999999999984
NY,123,40.4,46.6,46.26799999999999
NY,130,44.0,48.9,48.78299999999999
NY,137,46.6,50.7,50.82599999999994
NY,144,48.9,52.5,52.30700000000002
NY,151,50.7,54.6,54.45000000000004
NY,158,52.5,56.0,55.926000000000016
NY,165,54.6,57.2,57.2859999999999
NY,172,56.0,58.3,58.53200000000008
NY,179,57.2,59.2,59.886999999999944
NY,186,58.3,60.0,60.59699999999999
NY,193,59.2,60.6,60.708000000000084
NY,200,60.0,61.3,61.07700000000008
NY,207,60.6,61.9,61.83299999999998
NY,214,61.3,62.7,62.63999999999993
NY,221,61.9,63.5,63.451
NY,228,62.7,64.6,64.20740000000004
NY,235,63.5,65.6,65.12900000000008
NY,242,64.6,66.6,66.18300000000004
NY,249,65.6,67.5,67.23999999999997
NY,256,66.6,68.5,68.13700000000001
NY,263,67.5,69.4,69.32299999999998
NY,270,68.5,70.3,70.2190000000001
NY,277,69.4,71.2,70.71999999999993
NY,284,70.3,72.0,68.61599999999994
NY,291,71.2,72.3,71.57000000000006
NY,298,72.0,73.2,73.3649999999999
NY,305,72.3,73.8,74.12700000000001
NY,312,73.2,74.6,74.44800000000005
OH,110,29.6,36.5,36.69599999999999
OH,117,33.4,38.6,38.656999999999975
OH,124,36.5,40.1,41.38399999999995
OH,131,38.6,41.2,42.28999999999996
OH,138,40.1,42.4,42.405000000000015
OH,145,41.2,43.7,43.65199999999994
OH,152,42.4,45.3,44.90200000000005
OH,159,43.7,46.1,46.14199999999999
OH,166,45.3,46.9,46.65100000000001
OH,173,46.1,47.4,47.75400000000001
OH,180,46.9,47.9,48.44600000000002
OH,187,47.4,48.3,48.445000000000036
OH,194,47.9,48.6,51.116050000000016
OH,201,48.3,48.8,49.22900000000002
OH,208,48.6,49.2,49.30599999999992
OH,215,48.8,49.6,49.716
OH,222,49.2,50.3,50.66000000000002
OH,229,49.6,50.9,50.96699999999997
OH,236,50.3,51.5,51.97399999999999
OH,243,50.9,52.1,52.29800000000001
OH,250,51.5,52.6,52.579000000000036
OH,257,52.1,53.1,53.059283333333376
OH,264,52.6,53.4,53.662
OH,271,53.1,53.8,54.285000000000025
OH,278,53.4,54.2,54.69499999999994
OH,285,53.8,54.6,55.177999999999976
OH,292,54.2,55.0,55.34119999999997
OH,299,54.6,55.3,55.45475000000007
OH,306,55.0,55.7,55.907999999999966
OK,104,29.1,34.6,35.26799999999996
OK,111,32.1,36.3,37.109000000000044
OK,118,34.6,37.6,38.17599999999997
OK,125,36.3,38.5,39.21399999999999
OK,132,37.6,39.2,39.457999999999934
OK,139,38.5,39.8,40.049000000000056
OK,146,39.2,40.6,40.80099999999997
OK,153,39.8,41.3,41.26700000000005
OK,160,40.6,41.8,41.95300000000006
OK,167,41.3,42.2,42.85799999999995
OK,174,41.8,43.9,43.906000000000056
OK,181,42.2,44.5,44.81499999999999
OK,188,43.9,45.0,44.75800000000002
OK,195,44.5,45.4,46.096
OK,202,45.0,46.0,46.38099999999999
OK,209,45.4,46.7,47.20199999999994
OK,216,46.0,47.8,47.68200000000006
OK,223,46.7,49.0,48.707
OK,230,47.8,50.2,49.741999999999926
OK,237,49.0,51.4,50.957
OK,244,50.2,52.7,51.22500000000004
OK,251,51.4,53.8,53.32100000000005
OK,258,52.7,54.6,54.14400000000003
OK,265,53.8,55.5,55.358999999999995
OK,272,54.6,56.1,56.320000000000064
OK,279,55.5,56.7,56.80999999999997
OK,286,56.1,57.3,57.254000000000076
OK,293,56.7,57.8,57.83226666666672
OK,300,57.3,58.6,58.771000000000086
OK,307,57.8,59.3,59.10950000000007
OR,105,26.6,34.1,32.740999999999964
OR,112,30.1,38.2,37.26899999999995
OR,119,34.1,41.6,41.60599999999996
OR,126,38.2,44.3,44.04900000000007
OR,133,41.6,47.5,46.78100000000002
OR,140,44.3,50.1,49.79800000000001
OR,147,47.5,52.5,51.55
OR,154,50.1,54.5,53.86600000000001
OR,161,52.5,55.6,56.32100000000002
OR,168,54.5,56.6,57.04900000000002
OR,175,55.6,57.6,58.28400000000005
OR,182,56.6,58.2,58.259999999999906
OR,189,57.6,59.0,58.88800000000001
OR,196,58.2,59.3,59.415833333333424
OR,203,59.0,59.7,60.00199999999999
OR,210,59.3,60.1,60.308000000000064
OR,217,59.7,60.7,61.076000000000015
OR,224,60.1,61.3,61.27300000000004
OR,231,60.7,62.1,61.93800000000004
OR,238,61.3,62.8,62.66399999999996
OR,245,62.1,63.7,63.7173333333333
OR,252,62.8,64.5,64.54643333333331
OR,259,63.7,65.2,65.16999999999996
OR,266,64.5,65.9,65.96999999999994
OR,273,65.2,66.3,66.42100000000005
OR,280,65.9,66.7,66.96699999999993
OR,287,66.3,67.2,67.83500000000001
OR,294,66.7,67.6,68.25900000000009
OR,301,67.2,68.0,68.168
OR,308,67.6,68.4,68.5059999999999
PA,106,30.6,38.9,37.455000000000034
PA,113,34.8,43.2,42.90999999999994
PA,120,38.9,47.3,47.219000000000044
PA,127,43.2,50.3,49.395000000000074
PA,134,47.3,52.6,51.187000000000005
PA,141,50.3,54.6,54.36400000000004
PA,148,52.6,56.7,57.96599999999996
PA,155,54.6,58.3,58.13800000000006
PA,162,56.7,59.4,59.18299999999997
PA,169,58.3,60.8,61.28500000000009
PA,176,59.4,61.8,62.11900000000007
PA,183,60.8,62.5,62.64200000000001
PA,190,61.8,63.1,63.23600000000006
PA,197,62.5,63.7,63.929999999999936
PA,204,63.1,64.2,64.28099999999995
PA,211,63.7,64.9,64.8399999999999
PA,218,64.2,65.7,65.63799999999996
PA,225,64.9,66.6,66.35300000000007
PA,232,65.7,67.4,67.14299999999993
PA,239,66.6,68.3,68.3110000000001
PA,246,67.4,69.2,69.37399999999994
PA,253,68.3,70.0,69.67500000000001
PA,260,69.2,70.6,70.05700000000007
PA,267,70.0,71.3,70.97650000000004
PA,274,70.6,72.1,72.11000000000011
PA,281,71.3,73.0,72.818
PA,288,72.1,74.1,73.75000000000006
PA,295,73.0,75.3,73.92000000000002
PA,302,74.1,76.4,74.82500000000002
PA,309,75.3,78.0,76.91699999999997
PR,107,21.5,27.3,24.833000000000002
PR,114,24.0,31.6,31.00399999999996
PR,121,27.3,35.3,34.86300000000005
PR,128,31.6,38.9,37.69900000000005
PR,135,35.3,43.0,44.83900000000001
PR,142,38.9,45.6,45.05999999999999
PR,149,43.0,47.6,47.842
PR,156,45.6,50.9,50.239000000000026
PR,163,47.6,52.6,50.98499999999999
PR,170,50.9,54.1,53.377999999999965
PR,177,52.6,55.8,57.36700000000003
PR,184,54.1,58.2,57.86399999999995
PR,191,55.8,65.5,62.331000000000024
PR,198,58.2,66.5,63.69399999999998
PR,205,65.5,67.6,65.87900000000006
PR,212,66.5,68.4,67.83499999999992
PR,219,67.6,69.0,69.14000000000001
PR,226,68.4,69.7,69.88099999999994
PR,233,69.0,71.0,69.853
PR,240,69.7,72.4,71.66289999999992
PR,247,71.0,74.0,73.38300000000002
PR,254,72.4,75.7,74.98699999999992
PR,261,74.0,77.3,76.25000000000009
PR,268,75.7,78.5,77.56299999999999
PR,275,77.3,79.1,78.58000000000007
PR,282,78.5,79.5,79.32099999999997
PR,289,79.1,80.0,79.94400000000002
PR,296,79.5,80.5,80.72000000000006
PR,303,80.0,81.8,81.86300000000004
PR,310,80.5,82.2,82.5599999999999
RI,108,32.6,41.8,41.347000000000044
RI,115,36.8,46.5,44.24499999999998
RI,122,41.8,51.6,49.639
RI,129,46.5,53.6,52.93400000000006
RI,136,51.6,55.4,54.67899999999996
RI,143,53.6,57.3,57.87100000000009
RI,150,55.4,59.6,59.273000000000046
RI,157,57.3,61.0,60.34900000000002
RI,164,59.6,62.1,61.66200000000006
RI,171,61.0,63.0,63.188999999999986
RI,178,62.1,63.8,63.74800000000007
RI,185,63.0,64.5,64.51299999999999
RI,192,63.8,65.0,65.082
RI,199,64.5,65.5,65.61000000000001
RI,206,65.0,66.0,66.22100000000002
RI,213,65.5,66.7,66.70799999999991
RI,220,66.0,67.6,67.58900000000006
RI,227,66.7,68.8,68.50300000000006
RI,234,67.6,69.6,69.10200000000006
RI,241,68.8,70.6,70.38000000000002
RI,248,69.6,71.5,71.33000000000001
RI,255,70.6,72.5,72.13999999999999
RI,262,71.5,73.3,73.05100000000007
RI,269,72.5,74.2,74.02699999999993
RI,276,73.3,75.0,75.127
RI,283,74.2,75.8,75.70900000000007
RI,290,75.0,76.4,76.38299999999995
RI,297,75.8,76.9,76.7589999999999
RI,304,76.4,77.6,77.5080000000001
RI,311,76.9,78.3,78.18200000000004
RP,109,46.9,49.8,51.94200000000004
RP,116,47.3,52.1,51.601000000000006
RP,123,49.8,67.3,59.64310000000009
RP,130,52.1,71.5,65.455
RP,137,67.3,72.5,56.902000000000015
RP,144,71.5,72.5,71.604
RP,151,72.5,73.5,74.344
RP,158,72.5,76.5,76.39200000000001
RP,165,73.5,77.1,76.35200000000013
RP,172,76.5,77.1,74.46600000000001
RP,179,77.1,79.1,78.9040000000001
RP,186,77.1,79.2,79.1409999999999
RP,193,79.1,80.7,79.93599999999991
RP,200,79.2,80.8,80.57000000000008
RP,207,80.7,81.0,80.92600000000003
RP,214,80.8,83.4,83.33099999999988
RP,221,81.0,86.4,85.81099999999991
RP,228,83.4,87.1,87.04500000000012
RP,235,86.4,89.1,88.23600000000013
RP,242,87.1,90.6,90.24500000000016
RP,249,89.1,93.8,93.78000000000002
RP,256,90.6,95.9,95.87599999999989
RP,263,93.8,97.2,96.95300000000003
RP,270,95.9,98.3,98.19199999999992
RP,277,97.2,98.9,98.95099999999994
RP,284,98.3,99.6,99.6590000000001
RP,291,98.9,100.0,99.93299999999994
RP,298,99.6,99.9,99.90699999999983
RP,305,100.0,99.9,99.90399999999983
RP,312,99.9,99.9,99.90399999999983
SC,110,27.7,33.4,34.48600000000003
SC,117,30.7,34.9,35.52200000000004
SC,124,33.4,36.3,36.70500000000005
SC,131,34.9,37.3,38.108000000000054
SC,138,36.3,38.3,38.396000000000036
SC,145,37.3,39.3,39.105000000000025
SC,152,38.3,40.4,40.00200000000003
SC,159,39.3,41.1,40.47999999999998
SC,166,40.4,41.9,41.587000000000046
SC,173,41.1,42.6,42.41699999999999
SC,180,41.9,43.6,43.63399999999997
SC,187,42.6,44.4,44.54800000000002
SC,194,43.6,44.8,44.76100000000006
SC,201,44.4,45.2,45.39499999999995
SC,208,44.8,45.7,46.17199999999994
SC,215,45.2,46.5,46.961000000000006
SC,222,45.7,47.5,47.43000000000001
SC,229,46.5,48.5,48.42699999999999
SC,236,47.5,49.8,48.955999999999996
SC,243,48.5,50.8,50.592000000000056
SC,250,49.8,52.0,51.36700000000003
SC,257,50.8,52.8,52.88000000000005
SC,264,52.0,53.8,53.58400000000008
SC,271,52.8,54.6,55.00500000000005
SC,278,53.8,55.2,55.28799999999994
SC,285,54.6,55.8,55.89000000000007
SC,292,55.2,56.3,56.80999999999997
SC,299,55.8,56.8,56.83600000000008
SC,306,56.3,57.4,57.649599999999964
SD,104,32.4,39.6,38.857999999999976
SD,111,36.0,42.3,42.18900000000002
SD,118,39.6,43.7,43.77099999999994
SD,125,42.3,44.7,45.207999999999956
SD,132,43.7,45.4,45.988000000000014
SD,139,44.7,46.0,46.697999999999986
SD,146,45.4,47.0,47.018
SD,153,46.0,48.0,47.916000000000004
SD,160,47.0,48.5,48.343
SD,167,48.0,49.0,48.979
SD,174,48.5,49.8,50.17600000000006
SD,181,49.0,50.2,50.16299999999992
SD,188,49.8,50.7,50.90599999999992
SD,195,50.2,51.0,51.55699999999999
SD,202,50.7,51.4,51.527999999999956
SD,209,51.0,52.0,52.12299999999999
SD,216,51.4,52.7,52.61599999999995
SD,223,52.0,53.5,53.27258333333333
SD,230,52.7,54.3,54.055000000000085
SD,237,53.5,55.0,54.947999999999986
SD,244,54.3,55.8,55.837000000000046
SD,251,55.0,56.7,56.39684999999995
SD,258,55.8,57.4,56.81000000000003
SD,265,56.7,58.1,58.56000000000001
SD,272,57.4,58.6,58.90000000000007
SD,279,58.1,59.3,59.22566666666675
SD,286,58.6,59.9,59.43699999999998
SD,293,59.3,60.6,60.49900000000005
SD,300,59.9,61.0,61.231999999999964
SD,307,60.6,61.9,61.74999999999996
TN,105,23.6,29.5,29.401999999999994
TN,112,26.8,31.6,32.38499999999996
TN,119,29.5,33.2,35.14199999999994
TN,126,31.6,34.5,35.48699999999999
TN,133,33.2,35.6,35.768999999999984
TN,140,34.5,36.8,36.57300000000004
TN,147,35.6,38.2,37.815999999999946
TN,154,36.8,39.0,38.83200000000001
TN,161,38.2,39.6,39.725999999999964
TN,168,39.0,40.0,40.213
TN,175,39.6,40.8,40.94900000000005
TN,182,40.0,41.3,41.55200000000005
TN,189,40.8,42.5,42.33700000000001
TN,196,41.3,42.8,42.92500000000005
TN,203,42.5,43.3,43.55400000000006
TN,210,42.8,43.9,44.43900000000002
TN,217,43.3,44.8,44.925
TN,224,43.9,45.8,45.370000000000076
TN,231,44.8,46.9,46.248000000000005
TN,238,45.8,48.0,47.64700000000003
TN,245,46.9,49.1,48.85300000000001
TN,252,48.0,50.2,49.751999999999946
TN,259,49.1,51.0,50.938199999999995
TN,266,50.2,51.8,51.75800000000007
TN,273,51.0,52.4,52.44799999999997
TN,280,51.8,52.8,52.830000000000055
TN,287,52.4,53.3,53.270333333333404
TN,294,52.8,53.7,54.270999999999965
TN,301,53.3,54.2,54.30799999999996
TN,308,53.7,54.5,54.69299999999999
TX,106,24.5,32.1,31.239999999999963
TX,113,27.9,35.0,34.885999999999996
TX,120,32.1,37.1,36.63199999999998
TX,127,35.0,38.6,39.534999999999975
TX,134,37.1,39.7,41.26999999999996
TX,141,38.6,41.0,40.91399999999998
TX,148,39.7,42.8,42.40600000000005
TX,155,41.0,44.2,43.75999999999995
TX,162,42.8,45.1,44.68499999999999
TX,169,44.2,46.1,46.62399999999998
TX,176,45.1,47.2,47.60199999999996
TX,183,46.1,47.9,47.988000000000014
TX,190,47.2,48.5,48.492000000000004
TX,197,47.9,49.1,49.432000000000016
TX,204,48.5,49.7,49.75499999999994
TX,211,49.1,50.7,50.01599999999994
TX,218,49.7,51.9,51.48799999999997
TX,225,50.7,53.2,52.51399999999993
TX,232,51.9,54.6,53.77300000000002
TX,239,53.2,55.8,55.45250000000008
TX,246,54.6,56.9,56.86500000000003
TX,253,55.8,57.6,57.86000000000004
TX,260,56.9,58.4,58.92499999999996
TX,267,57.6,59.2,60.348000000000056
TX,274,58.4,59.7,59.67696666666662
TX,281,59.2,59.8,60.1030000000001
TX,288,59.7,60.2,61.039000000000016
TX,295,59.8,60.6,60.864000000000026
TX,302,60.2,61.0,61.06699999999998
TX,309,60.6,61.4,61.60599999999997
US,107,28.6,36.4,35.94000000000005
US,114,32.4,39.9,40.369000000000035
US,121,36.4,42.5,42.81799999999999
US,128,39.9,44.4,45.742999999999995
US,135,42.5,46.0,45.72899999999998
US,142,44.4,47.5,47.53000000000003
US,149,46.0,49.4,49.496
US,156,47.5,50.7,50.301999999999914
US,163,49.4,51.6,51.324
US,170,50.7,52.5,52.95099999999999
US,177,51.6,53.4,54.18799999999996
US,184,52.5,54.1,54.00800000000003
US,191,53.4,55.0,54.807000000000016
US,198,54.1,55.5,55.556999999999995
US,205,55.0,56.1,57.05749999999996
US,212,55.5,56.8,57.22100000000006
US,219,56.1,57.8,57.498000000000026
US,226,56.8,58.8,58.46300000000007
US,233,57.8,59.8,59.41200000000009
US,240,58.8,60.8,60.32541666666676
US,247,59.8,61.7,61.65599999999994
US,254,60.8,62.5,62.29900000000001
US,261,61.7,63.2,63.11199999999994
US,268,62.5,63.9,64.02199999999992
US,275,63.2,64.4,64.28999999999995
US,282,63.9,64.9,64.92899999999992
US,289,64.4,65.4,65.57699999999994
US,296,64.9,66.0,66.201
US,303,65.4,66.4,66.58699999999993
US,310,66.0,66.8,67.12200000000007
UT,108,25.4,33.1,31.931999999999974
UT,115,28.9,36.3,35.37200000000004
UT,122,33.1,38.5,38.668000000000006
UT,129,36.3,40.2,41.62699999999995
UT,136,38.5,41.8,42.43400000000003
UT,143,40.2,43.0,42.58
UT,150,41.8,44.6,44.17199999999996
UT,157,43.0,45.3,45.30600000000002
UT,164,44.6,46.0,46.38500000000001
UT,171,45.3,47.1,47.34700000000001
UT,178,46.0,47.9,47.78699999999997
UT,185,47.1,48.6,48.44400000000002
UT,192,47.9,48.9,49.43200000000001
UT,199,48.6,49.6,49.774000000000015
UT,206,48.9,50.9,50.195999999999955
UT,213,49.6,51.5,51.242999999999995
UT,220,50.9,52.1,51.834
UT,227,51.5,53.6,53.377000000000024
UT,234,52.1,53.8,53.72603333333339
UT,241,53.6,55.6,53.662
UT,248,53.8,56.3,56.15000000000007
UT,255,55.6,56.9,56.42049999999997
UT,262,56.3,57.6,57.88900000000004
UT,269,56.9,58.3,58.56000000000004
UT,276,57.6,58.8,58.704000000000086
UT,283,58.3,59.4,59.408916666666634
UT,290,58.8,59.8,60.01700000000008
UT,297,59.4,60.2,60.30599999999995
UT,304,59.8,60.8,61.04900000000005
UT,311,60.2,61.2,61.21399999999994
VA,109,31.3,39.9,39.89400000000004
VA,116,35.7,43.2,43.482999999999954
VA,123,39.9,46.2,46.306999999999945
VA,130,43.2,48.4,48.51500000000001
VA,137,46.2,50.3,50.27900000000005
VA,144,48.4,52.1,52.00600000000003
VA,151,50.3,54.2,54.14299999999991
VA,158,52.1,55.5,55.403
VA,165,54.2,56.5,56.22299999999999
VA,172,55.5,57.6,58.33400000000006
VA,179,56.5,58.4,58.50899999999994
VA,186,57.6,59.1,59.0006666666667
VA,193,58.4,59.6,59.681000000000076
VA,200,59.1,60.1,60.39000000000007
VA,207,59.6,60.7,60.58099999999997
VA,214,60.1,61.3,61.28000000000007
VA,221,60.7,62.1,61.793
VA,228,61.3,63.1,62.70499999999995
VA,235,62.1,63.9,63.7173333333333
VA,242,63.1,64.7,64.54643333333331
VA,249,63.9,65.4,65.26699999999994
VA,256,64.7,66.1,65.86400000000003
VA,263,65.4,66.8,66.82300000000008
VA,270,66.1,67.8,67.67200000000008
VA,277,66.8,68.3,68.33400000000006
VA,284,67.8,68.9,68.94499999999995
VA,291,68.3,69.5,69.85900000000001
VA,298,68.9,70.1,70.14500000000007
VA,305,69.5,70.7,70.36088333333326
VA,312,70.1,71.4,71.25199999999991
VI,110,24.4,29.0,29.578999999999994
VI,117,26.4,30.7,32.43899999999998
VI,124,29.0,31.8,32.94600000000002
VI,131,30.7,33.0,33.43899999999999
VI,138,31.8,33.9,34.347000000000044
VI,145,33.0,34.9,34.77900000000003
VI,152,33.9,35.7,35.727999999999945
VI,159,34.9,36.5,36.63899999999998
VI,166,35.7,37.2,37.04699999999996
VI,173,36.5,38.0,37.92400000000001
VI,180,37.2,38.7,38.50299999999997
VI,187,38.0,39.3,39.11100000000003
VI,194,38.7,39.9,39.725999999999985
VI,201,39.3,40.5,41.025000000000055
VI,208,39.9,41.4,41.178000000000026
VI,215,40.5,42.8,42.339000000000034
VI,222,41.4,44.5,43.68000000000002
VI,229,42.8,46.0,45.18
VI,236,44.5,47.2,46.500999999999955
VI,243,46.0,48.2,47.93399999999995
VI,250,47.2,49.0,49.33599999999997
VI,257,48.2,49.6,50.01200000000001
VI,264,49.0,50.4,50.72299999999998
VI,271,49.6,50.9,50.880999999999986
VI,278,50.4,51.4,51.375999999999955
VI,285,50.9,51.9,52.06799999999996
VI,292,51.4,52.3,52.380000000000074
VI,299,51.9,52.8,52.929950000000055
VI,306,52.3,53.2,53.39099999999995
VT,104,30.8,39.5,39.31999999999999
VT,111,34.7,45.5,44.78299999999999
VT,118,39.5,49.8,47.10700000000004
VT,125,45.5,55.1,52.59700000000001
VT,132,49.8,59.5,56.97999999999998
VT,139,55.1,63.6,62.11400000000007
VT,146,59.5,67.5,59.94299999999998
VT,153,63.6,69.7,68.36499999999992
VT,160,67.5,70.9,63.287000000000056
VT,167,69.7,71.8,70.98400000000008
VT,174,70.9,72.8,72.28500000000007
VT,181,71.8,73.4,73.09699999999992
VT,188,72.8,74.0,74.01399999999998
VT,195,73.4,74.4,74.54699999999993
VT,202,74.0,74.7,74.87099999999991
VT,209,74.4,75.1,75.3300000000001
VT,216,74.7,75.5,75.78599999999999
VT,223,75.1,75.9,76.2289999999999
VT,230,75.5,74.9,75.63699999999992
VT,237,75.9,75.4,77.28099999999999
VT,244,74.9,75.9,76.37799999999991
VT,251,75.4,76.3,75.93599999999994
VT,258,75.9,76.6,76.68300000000009
VT,265,76.3,77.1,76.87700000000007
VT,272,76.6,77.4,77.57399999999993
VT,279,77.1,77.8,77.96400000000008
VT,286,77.4,78.3,78.56000000000009
VT,293,77.8,78.7,79.22399999999992
VT,300,78.3,79.0,79.78700000000002
VT,307,78.7,79.5,79.82300000000005
WA,105,28.1,35.7,35.11199999999996
WA,112,31.6,39.7,38.41799999999997
WA,119,35.7,43.4,41.59800000000003
WA,126,39.7,46.8,46.23700000000004
WA,133,43.4,49.1,48.408999999999985
WA,140,46.8,51.4,50.879
WA,147,49.1,54.1,53.64500000000005
WA,154,51.4,56.3,55.68700000000006
WA,161,54.1,57.3,57.28600000000008
WA,168,56.3,58.7,60.27199999999999
WA,175,57.3,59.9,60.91399999999995
WA,182,58.7,60.7,60.62999999999997
WA,189,59.9,61.6,61.331000000000046
WA,196,60.7,62.3,62.364000000000075
WA,203,61.6,62.8,62.912000000000056
WA,210,62.3,63.3,63.85360000000001
WA,217,62.8,64.0,64.07533333333336
WA,224,63.3,64.7,64.70299999999993
WA,231,64.0,65.6,65.31899999999997
WA,238,64.7,66.5,66.27362857142852
WA,245,65.6,67.5,67.21900000000002
WA,252,66.5,68.4,68.14099999999999
WA,259,67.5,69.3,69.13900000000011
WA,266,68.4,70.3,70.16300000000005
WA,273,69.3,66.9,68.55199999999998
WA,280,70.3,67.4,69.21299999999994
WA,287,66.9,68.0,69.40400000000001
WA,294,67.4,68.4,68.5219999999999
WA,301,68.0,68.9,69.07233333333328
WA,308,68.4,69.4,69.5346666666666
WI,106,30.8,39.1,38.774999999999956
WI,113,34.9,42.3,42.648999999999994
WI,120,39.1,44.6,45.474000000000004
WI,127,42.3,46.2,47.203999999999944
WI,134,44.6,47.2,47.782999999999966
WI,141,46.2,48.2,48.966999999999935
WI,148,47.2,49.8,49.940999999999974
WI,155,48.2,51.0,50.56099999999999
WI,162,49.8,51.7,51.256999999999934
WI,169,51.0,52.3,52.86100000000005
WI,176,51.7,52.9,53.11399999999997
WI,183,52.3,53.5,53.6305166666667
WI,190,52.9,54.0,53.842
WI,197,53.5,54.3,54.437000000000054
WI,204,54.0,54.7,54.95899999999993
WI,211,54.3,55.2,55.29819999999993
WI,218,54.7,55.7,55.77499999999993
WI,225,55.2,56.5,56.37499999999999
WI,232,55.7,57.1,56.98000000000004
WI,239,56.5,57.8,57.59900000000005
WI,246,57.1,58.5,58.44000000000005
WI,253,57.8,59.3,58.997000000000064
WI,260,58.5,59.8,59.68500000000007
WI,267,59.3,60.3,60.30900000000007
WI,274,59.8,60.8,62.52299999999994
WI,281,60.3,61.2,61.2379999999999
WI,288,60.8,61.6,61.845000000000006
WI,295,61.2,62.0,62.380999999999965
WI,302,61.6,62.3,61.87620000000006
WI,309,62.0,62.7,63.02053333333325
WV,107,29.3,33.6,34.589999999999954
WV,114,31.8,34.6,35.23299999999996
WV,121,33.6,35.3,35.854000000000035
WV,128,34.6,35.9,36.30000000000003
WV,135,35.3,36.9,36.79200000000004
WV,142,35.9,38.1,37.75999999999997
WV,149,36.9,39.6,39.10699999999997
WV,156,38.1,40.7,39.965999999999966
WV,163,39.6,41.3,40.99300000000006
WV,170,40.7,42.2,42.36099999999996
WV,177,41.3,42.8,43.18300000000008
WV,184,42.2,43.3,43.857000000000035
WV,191,42.8,43.9,44.046000000000014
WV,198,43.3,45.6,45.269000000000005
WV,205,43.9,45.8,45.48100000000005
WV,212,45.6,45.9,46.248000000000005
WV,219,45.8,46.1,47.188999999999986
WV,226,45.9,46.3,46.85900000000008
WV,233,46.1,46.5,46.69700000000003
WV,240,46.3,46.8,47.20400000000006
WV,247,46.5,47.0,47.725000000000016
WV,254,46.8,47.3,47.9
WV,261,47.0,47.5,47.93500000000001
WV,268,47.3,47.8,48.36700000000007
WV,275,47.5,48.1,53.00900000000004
WV,282,47.8,48.3,48.65900000000005
WV,289,48.1,48.5,48.751000000000005
WV,296,48.3,48.7,48.93899999999992
WV,303,48.5,48.8,49.182000000000016
WV,310,48.7,49.0,49.441000000000024
WY,108,27.1,31.4,31.308000000000046
WY,115,29.2,32.8,34.387999999999984
WY,122,31.4,33.6,33.409999999999954
WY,129,32.8,34.3,34.33800000000002
WY,136,33.6,34.9,35.62000000000005
WY,143,34.3,35.5,35.830999999999975
WY,150,34.9,36.6,36.441999999999965
WY,157,35.5,37.0,36.97599999999999
WY,164,36.6,37.8,37.775000000000034
WY,171,37.0,38.3,38.46900000000003
WY,178,37.8,38.7,38.87599999999997
WY,185,38.3,39.2,39.462999999999944
WY,192,38.7,39.9,39.71400000000004
WY,199,39.2,40.4,40.595000000000056
WY,206,39.9,40.7,40.75999999999995
WY,213,40.4,41.2,41.750999999999976
WY,220,40.7,41.8,42.09000000000006
WY,227,41.2,42.6,42.61399999999997
WY,234,41.8,43.5,43.43000000000001
WY,241,42.6,44.4,44.37300000000002
WY,248,43.5,45.3,45.13200000000008
WY,255,44.4,46.0,45.79900000000001
WY,262,45.3,47.0,46.63099999999998
WY,269,46.0,47.7,47.79599999999995
WY,276,47.0,48.3,48.39400000000008
WY,283,47.7,48.9,48.872
WY,290,48.3,49.4,49.59299999999998
WY,297,48.9,49.9,49.97599999999998
WY,304,49.4,50.5,50.597999999999985
WY,311,49.9,51.1,51.36599999999994
